,0,1,2,3
0,No,Index,Judul,Deskripsi
1,1.0,1.0,"Jelang KTT G20, Menko Luhut Resmikan PLTS Terapung Milik PLN di Bali",Menteri Koordinator Bidang Kemaritiman dan Investasi Luhut Binsar Pandjaitan meresmikan Pembangkit Listrik Tenaga Surya (PLTS) Terapung Waduk Muara Nusa Dua milik PLN Group. Pembangkit berbasis energi baru dan terbarukan (EBT) dengan kapasitas 100 kilowatt-peak (kWp) ini bakal mendukung keandalan pasokan listrik dalam Konferensi Tingkat Tinggi (KTT) G20. Inovasi tersebut merupakan salah satu program dari transformasi PLN yang menggunakan teknologi sistem digital untuk memonitor dan mengelola pasokan energi listrik sesuai dengan kebutuhan beban
2,2.0,2.0,PLN Berhasil Reduksi 32 Juta Metrik Ton Emisi Karbon di Tahun 2022,"PT PLN (Persero) berhasil mengurangi 32 juta metrik ton emisi karbon gas rumah kaca sepanjang 2022.  Hal ini disampaikan Direktur Utama PLN Darmawan Prasodjo dalam Decarbonizing Energy Sector for Net Zero Indonesia Pavillion di COP 27 yang berlangsung di Mesir, Senin 7 November 2022.  Menurut Darmawan, tahun ini PT PLN (Persero) berhasil mereduksi 32 juta metric ton emisi C02. Ini melampaui target NDC. Untuk mencapai hal tersebut, PT PLN (Persero) melakukan pendekatan holistic. Yaitu yakni menambah kapasitas pembangkit energi terbarukan (EBT)."
3,3.0,3.0,Instalasi PLN Dua Pekon di Suoh Masuk Roadmap PLN 2023,"pemasangan instalasi listrik di Pekon Roworejo dan Sidorejo, Kecamatan Suoh, Lampung Barat masuk dalam roadmap PLN tahun 2023. Hal tersebut disampaikan Bupati Lampung Barat Parosil Mabsus saat menyampaikan jawaban pemerintah terhadap pemandangan umum fraksi dalam pembahasan RAPBD 2023 di ruang sidang Marghasana, Rabu 2 November 2022. Menurut Parosil, berdasar Peraturan Pemerintah Nomor 22/2021 tentang Penyelenggaraan Perlindungan dan Pengelolaan Lingkungan Hidup, setiap rencana usaha dan/atau kegiatan yang berdampak terhadap lingkungan hidup wajib memiliki Amdal, UKL-UPL atau SPPL. Rencana usaha dan/atau kegiatan yang lokasinya berada di dalam kawasan hutan lindung, meliputi rencana usaha dan/atau kegiatan yang dapat dilakukan sesuai ketentuan peraturan perundang-undangan"
4,4.0,4.0,"Jelang KTT G20, PLN Pamerkan Dua PLTS dan 33 PV Rooftop di Bali","PT PLN (Persero) mengoperasikan dua proyek pembangkit listrik tenaga surya (PLTS) dan solar photovoltaic (PV) Rooftop atau PLTS atap pada 33 lokasi gedung PLN grup yang menjadi bagian showcase transisi energi dalam pertemuan Konferensi Tingkat Tinggi (KTT) G20 Bali. Ini merupakan wujud komitmen Indonesia bahwa penyelenggaraan tertinggi pertemuan G20 dipasok dari energi bersih. Gubernur Bali I Wayan Koster, mengapresiasi langkah PLN dalam melakukan transisi ke energi yang lebih bersih. "
5,5.0,5.0,"Jaga Pasokan Listrik KTT G20, PLN Operasikan PLTG Relokasi Dari Grati ke Bali","PT PLN (Persero) resmi mengoperasikan relokasi Pembangkit Listrik Tenaga Gas (PLTG) Grati 1x100 megawatt (MW) dari Jawa Timur ke Pesanggaran, Bali. Relokasi pembangkit listrik ini dilakukan untuk memperkuat keandalan pasokan listrik di Bali yang menjadi tuan rumah Konferensi Tingkat Tinggi (KTT) G20. Dalam peresmian relokasi PLTG Grati yang dilaksanakan di Nusa Dua, Bali, Selasa 1 Novermber 2022, Direktur Utama PLN Darmawan Prasodjo mengatakan, upaya menyelesaikan relokasi dilakukan dengan kerja keras insan PLN untuk memastikan keandalan pasokan listrik dalam KTT G20. "
6,6.0,6.0,"Wujudkan Transisi Energi, PLN Siap Kerjakan Proyek PLTS Terapung Singkarak dan Saguling","Sub Holding PT PLN (Persero), PLN Indonesia Power bersama ACWA Power mendorong pengembangan pembangkit listrik tenaga surya (PLTS) terapung Singkarak dan Saguling dengan kapasitas masing-masing pembangkit sebesar 50 megawatt ac (MWac) dan 60 MWac dengan total investasi USD 104,95 juta. Upaya tersebut merupakan salah satu wujud PLN mendukung transisi energi dalam presidensi KTT G20 pada November mendatang. Selain dari sisi pengembangan EBT, Direktur Utama PLN Darmawan Prasodjo mengatakan, pengembangan PLTS terapung ini akan menjadi revolusi pengembangan EBT dalam negeri. Pengembangan PLTS Terapung Singkarak direncanakan dengan kapasitas 50 MWac dengan target COD pada 2025."
7,7.0,7.0,"Mirota Kampus Buka Lowongan Kerja Bagian Operator Moulding, Simak Persyaratannya","Bagi kalian lulusan D3/S1 jurusan Teknik Informatika/Teknik komputer yang sedang mencari pekerjaan, simak lowongan kerja berikut ini. Saat ini PT Mirota Nayan sedang membuka lowongan pekerjaan untuk posisi Operator Moulding. PT Mirota sendiri merupakan perusahaan perseorangan yang didirikan pada tahun 1950 oleh bapak dan ibu Hendro Sutikno. Kualifikasi lowongan kerja Mirota Kampus yaitu Laki-laki, usia maksimal 40 tahun. Pendidikan minimal D3/S1 jurusan Teknik Informatika/Teknik Komputer. Memiliki pengalaman minimal 2 tahun dibidang yang sama. Demikian informasi mengenai lowongan kerja di PT Mirota Nayan"
8,8.0,8.0,"BRI Kembali Buka Program Management Trainee, BRILiaN Future Leader Program","PT Bank Rakyat Indonesia (Persero) Tbk atau BRI terus berorientasi pada pertumbuhan berkelanjutan, salah satunya melalui pengembangan teknologi digital yang didukung oleh Sumber Daya Manusia (SDM) yang unggul. Program management trainee ini ditujukan bagi lulusan baru yang akan menyaring kandidat-kandidat pemimpin masa depan di BRI Group. Pendaftaran BFLP BRI Group telah dibuka mulai tanggal 5 hingga 20 November 2022, untuk posisi BFLP General dan BFLP IT. Adapun kualifikasi umum yang harus dipenuhi dalam lowongan pekerjaan BRI ini, yakni, lulusan S1 dengan batas usia 25 tahun serta memiliki IPK minimal 3,00 dan untuk lulusan S2 dengan batas usia 27 tahun serta memiliki IPK minimal 3,25. Agus juga menekankan bahwa program rekrutmen yang dilakukan BRI tidak memungut biaya mulai dari awal hingga akhir program atau gratis.
"
9,9.0,9.0,"PT Petrolindo Megah Perkasa Buka Lowongan Kerja Bagi Lulusan D3, Simak Persyaratannya","Bagi kamu lulusan D3 Jurusan Teknik Mesin/Teknik Industri/Teknik Elektro yang sedang mencari pekerjaan, ada baiknya simak lowongan kerja berikut ini.  Saat ini, PT Petrolindo Megah Perkasa sedang membuka lowongan pekerjaan untuk posisi Penanggung Jawab Operasional. PT Petrolindo Megah Perkasa adalah sebuah perusahaan yang bergerak di bidang penjualan, sewa, rental, perbaikan, perawatan, dan parts pompa dewatering & Slurry. Perusahaan ini memiliki jaringan nasional yang tersebar di beberapa daerah di Indonesia."
10,10.0,10.0,"PT KAI Properti Buka Lowongan Kerja Bagian IT Supervisor, Berikut Ini Persyaratannya","Bagi kalian lulusan S1 jurusan Teknik Informatika/Sistem Informatika dan Ilmu komputer yang sedang mencari pekerjaan, simak lowongan kerja berikut ini.  Saat ini PT KA Properti Manajemen sedang membuka lowongan pekerjaan untuk  posisi IT Supervisor.  Pendidikan minimal S1 jurusan Teknik Informatika/Sistem Informatika dan Ilmu computer dengan IPK minimal 3,00;  Memiliki pengalaman profesional di bidang IT Programer atau system analyst minimal 5 tahun;  Usia pelamar per 31 Desember 2022 maksimal 40 tahun. Demikian informasi mengenai lowongan kerja di PT KA Properti Manajemen, semoga bermanfaat."
11,11.0,11.0,"Pertumbuhan Angkatan Kerja dan Lowongan Kerja Tak Berimbang, Disnakertrans Mesuji Lirik Alumni SMA dan SMK","Dinas Tenaga Kerja dan Transmigrasi (Disnakertrans) Kabupaten Mesuji melirik potensi calon angkatan kerja pada dunia  pendidikan. Terkait itu, Disnakertrans Kabupaten Mesuji mengadakan Rapat Koordinasi dengan Ketua Musyawarah Kerja Kepala Sekolah (MKKS) SMA, Ketua MKKS SMK, dan Bursa Kerja. Kegiatan ini dilatarbelakangi oleh  pertumbuhan angkatan kerja dibandingkan dengan pertumbuhan lapangan kerja (lowongan kerja) yang tidak berimbang. Dalam menganalisa hal tersebut, kegiatan ini sebagai dasar pelaksanaan kegiatan yang mampu mengungkit tingkat kesempatan kerja dengan sasaran potensi angkatan kerja pada siswa calon alumni dan ataupun alumni dari SMA dan SMK agar tidak menurunkan tingkat persentasase kesempatan kerja di Kabupaten Mesuji. Terkait hal tersebut, pentingnya variabel penduduk usia kerja sebagai potensi menjadi angkatan kerja, maka Pemkab Mesuji bersama dengan MKKS Sekolah  akan saling mendukung memberikan treatment kepada calon alumni atau alumni sekolah."
12,12.0,12.0,Bawaslu Tulang Bawang Buka Rekrutmen Panwascam,"Badan Pengawas Pemilihan Umum (Bawaslu) Kabupaten Tulang Bawang membuka lowongan pekerjaan. Bawaslu membuka rekrutmen lowongan pekerjaan untuk menjadi Panitia Pengawas Kecamatan (Panwascam). Beberapa syarat yang harus dipenuhi oleh para pendaftar diantaranya: usia minimal 25 tahun, tidak pernah dipenjara berdasarkan putusan pengadilan, tidak menjadi anggota partai politik atau telah mengundurkan diri sekurang-kurangnya lima tahun saat mendaftar, tidak pernah menjadi anggota tim kampanye, dan sejumlah syarat administrasi lainnya. Pengumuman lowongan pekerjaan akan dilaksanakan selama tujuh hari. Sampai dengan tiba waktu pembukaan pendaftaran. Diketahui, Bawaslu Lampung akan merekrut sebanyak 687 orang panwascam untuk mengisi 229 kecamatan yang ada di Lampung. Mereka nantinya akan bertugas mengawasi jalannya Pemilu 2024 mendatang. "
13,13.0,13.0,"Muncul Dukungan Jokowi Jadi Ketum PDIP 2024, PPD Ikut Beri Komentar","Ketua Umum Pengawal Pancasila Damai (PPD) Washinton P Situmorang menilai bahwa mekanisme pemilihan kader PDI Perjuangan berjalan dengan baik dan patut diapresiasi. ""Partai ini telah mencetak kader-kader yang berkualitas dan telah terbukti rekam jejaknya, di antaranya seperti Bu Risma, Pak Ganjar, Pak Azwar Anaz, termasuk Pak Jokowi, dan lain-lain,"" ungkap Washinton, Jumat 28 Oktober 2022. Hal itu, menurut Washinton paling tidak membuktikan bahwa mekanisme partai ini telah berjalan baik dan perlu diapresiasi. Dirinya menyampaikan pernyataan tersebut berkaitan munculnya dukungan kepada Presiden Joko Widodo atau Jokowi untuk menjadi Ketua Umum PDIP pada tahun 2024. "
14,14.0,14.0,"Bepesan Agar Golkar Jangan Sembrono Pilih Capres, Jokowi: Silakan Terjemahkan Sendiri...","Harapan agar Partai Golkar dapat cermat dalam menentukan calon presiden dan calon wakil presiden menghadapi Pemilihan Umum 2024 datang dari Presiden Joko Widodo. Masukan dari Jokowi tersebut tersamapaikan kala dirinya menghadiri acara puncak Hari Ulang Tahun Ke-58 Partai Golkar di Hall C, Jiexpo Kemayoran, Jakarta Pusat. ""Saya yakin, saya yakin, saya yakin Golkar akan dengan cermat, akan dengan teliti, akan dengan hati-hati, tidak sembrono dalam mendeklarasikan calon presiden dan wakil presiden 2024,"" kata Jokowi di Jakarta, Jumat 21 Oktober 2022 malam. Terpantau, peringatan puncak HUT ke-58 Partai Golkar itu dihadiri sejumlah tokoh partai tersebut, seperti Wakil Presiden ke-10 dan ke-12 sekaligus mantan Ketum Partai Golkar Jusuf Kalla, ada juga mantan Ketum Partai Golkar Akbar Tanjung dan Aburizal Bakrie."
15,15.0,15.0,Pesan Jokowi Saat Hadiri Acara Puncak HUT ke-58 Partai Golkar: Pilih Capres Jangan Sembrono...,"Presiden Joko Widodo meminta Partai Golkar untuk cermat dalam menentukan calon presiden dan calon wakil presiden menghadapi Pemilihan Umum 2024. Saran Jokowi tersebut dilontarkan ketika menghadiri acara puncak Hari Ulang Tahun Ke-58 Partai Golkar di Hall C, Jiexpo Kemayoran, Jakarta Pusat. ""Saya yakin, saya yakin, saya yakin Golkar akan dengan cermat, akan dengan teliti, akan dengan hati-hati, tidak sembrono dalam mendeklarasikan calon presiden dan wakil presiden 2024,"" ujar Jokowi di Jakarta, Jumat 21 Oktober 2022 malam. Peringatan puncak HUT ke-58 Partai Golkar itu dihadiri sejumlah tokoh partai tersebut, antara lain Wakil Presiden ke-10 dan ke-12 sekaligus mantan Ketum Partai Golkar Jusuf Kalla, ada juga mantan Ketum Partai Golkar Akbar Tanjung dan Aburizal Bakrie."
16,16.0,16.0,"Dari Kapolri, Kapolda, Kapolresta dan Kapolres Dipanggil Presiden Jokowi ke Istana Negara Siang Ini","Jajaran Kapolda dan Kapolres se-Indonesia dikumpulkan oleh Presiden Joko Widodo ke Istana Negara, Jumat 14 Oktober 2022 siang ini. Turut dipanggil ke Istana Kapolri Jenderal Listyo Sigit Prabowo dan juga beberapa pejabat utama Mabes Polri. Presiden Jokowi dijadwalkan akan memberi pengarahan kepada Kapolri dan seluruh jajaranya pada pukul 14.00 WIB ini seperti dikutip dari PMJNews. Dikumpulkannya beberapa pejabat tinggi Polri itu sudah tertulis dalam Surat Telegram Rahasia (TR) Kapolri bernomor STR/764/X/HUM.1/2022 tertanggal 12 Oktober 2022"
17,17.0,17.0,"Panggil Pejabat Polri Tanpa Ajudan, Begini Penjelasan Jokowi ke Awak Media","Presiden Joko Widodo (Jokowi) dikabarkan bakal memberikan arahan terhadap seluruh pejabat Polri. Rencana arahan yang nantinya diberikan Presiden ke beberapa pihak tersebut, tertuang dalam Surat Telegram Rahasia (STR) nomor STR/764/C/HUM.1./2022 tertanggal Rabu 12 Oktober 2022 yang beredar di kalangan internal wartawan. Dari Surat Telegram Rahasia yang beredar, Presiden berencana memanggil jajaran Polri guna mengikuti arahan yang akan digelar pada pukul 14.00 WIB. Mengenakan seragam dinas tanpa penutup kepala dan tongkat. Akan tetapi, belum diketahui lebih jelas terkait arahan apa yang hendak disampaikan Presiden Jokowi kepada para petinggi kepolisian itu. Jokowi hanya mengatakan agar masyarakat mendengarkan apa yang nanti akan disampaikannya."
18,18.0,18.0,"Isu Hubungan Renggang Dengan Jokowi, Megawati Hanya Tersenyum","Sekretaris Jenderal DPP PDI Perjuangan (PDIP) Hasto Kristiyanto buka suara soal isu keretakan hubungan Megawati Soekarnoputri dengan Presiden Joko Widodo.  Menurut Hasto, Megawati hanya tersenyum sambil mengelengkan kepala saat ia menyampaikan berbagai isu terkait hubungannya dengan Jokowi. Hasto mengaku, ia bersama Pramono Anung menyaksikan, sebelum dan sesudah pelantikan Dewan Kehormatan dan Pengurus BPIP, kedua tokoh itu berbicara akrab. Bahkan setelah acara pelantikan, Presiden Jokowi dan Megawati berbicara empat mata. Ketika menuju mobil, presiden menggandeng tangan Megawati. Hasto mengungkapkan, berbagai isu tentang hubungan Jokowi dan Megawati memang sering dimunculkan oleh orang-orang tidak bertanggung jawab."
19,19.0,19.0,Bareskrim Polri Akan Panggil Petinggi Afi Farma Soal Kasus Gagal Ginjal Akut,"Bareskrim Polri akan segera memanggil petinggi dari PT Afi Farma terkait kasus gagal ginjal akut. Diketahui bahwa kasus gagal ginjal akut diduga karena berasal dari obat sirup mengandung etilen glikol (EG) dan dietilen glikol (DEG) yang diproduksi oleh PT Afi Farma. Bareskrim Polri melakukan pemeriksaan terhadap PT Afi Farma setelah pihak dari BPOM telah menemukan adanya 7 obat sirup yang menyebabkan gagal ginjal akut. Dari temuan itu, lalu pihak dari BPOM pun melakukan pemeriksaan di tiga gudang milik PT Afi Farma. Dari penggerebakan itu, Polisi telah menyita bahan baku obat yang mengandung EG dan DEG. Menurut Penny terdapat 7 obat yang merupakan temuan dari BPOM terindikasi mengandung zat berbahaya, salah satu dampaknya adalah gagal ginjal akut. 7 obat Afi Farma tersebut terdiri dari Paracetamol Drop dan Sirop yang mengandung cairan kimia berbahaya melebihi ambang batas dan dapat menyebabkan gagal ginjal akut. "
20,20.0,20.0,"Begini Modus Perusahaan Pemasok Bahan Baku Sirup yang Sebabkan Kasus Gagal Ginjal Akut, Aksinya Tak Terpuji..","Bareskrim Polri mengungkapkan bahwa modus yang telah dilakukan oleh CV Samudra Chemical sebagai pemasok bahan baku obat sirup ke PT Afi Farma di kasus gagal ginjal akut, yang menyebabkan ratusan anak di Indonesia meninggal dunia. Karo Penmas Divisi Humas Polri Brigjen Pol Ahmad Ramadhan menjelaskan, hasil dari penyelidikan, ada ditemukan barang bukti sebuah drum berisi senyawa Propilen Glikol (PG) dan Etilen Glikol (EG). Diduga dipesan oleh PT Afi Farma. Dijelaskannya, bahwa CV Samudra Chemical diduga menggunakan drum berlabel DOW palsu. Dan kemudian juga diduga digunakannya untuk mengoplos zat cemaran EG, dan sehingga kandungannya melebihi ambang batas yang telah disepakati. Kasus gagal ginjal akut terus dilidik oleh Bareskrim Polri. Perusahaan yang diperiksa itu yakni CV Samudra Chemical, hal ini dikarenakanya ditemukan puluhan drum yang berisi Etilen Glikol (EG) dan Dietilen Glikol (DEG)."
21,21.0,21.0,"Kasus Gagal Ginjal Akut, Ada Dua Perusahaan Farmasi Dilaporkan ke Bareskrim Polri","Badan Pengawas Obat dan Makanan (BPOM) kembali melaporkan dua perusahaan farmasi ke Bareskrim Polri terkait melanggar aturan memgenai kasus gagal ginjal akut pada anak. Kepala BPOM Penny K Lukito menjelaskan, dua perusahaan farmasi yang dilaporkan itu telah melanggar Cara Pembuatan Obat yang Baik (CPOB). Ada tiga perusahaan yang bergerak dibidang farmasi melanggar CPOB. Seperti PT Yarindo Farmatama, PT Universal Pharmaceutical Industries, dan PT Afi Farma. Dan kini tiga perusahaan itu sedang diproses untuk penetapan pidana karena terbukti menggunakan bahan baku senyawa kimia lebih ambang batas aman. Terkait merebaknya penyakit gagal ginjal akut pada anak, polisi memenaggil beberapa pejabat Badan Pengawas Obat dan Makanan (BPOM). Diketahui dalam kasus merebaknya penyakit gagal ginjal akut pada anak, Polri tengah melakukan penyidikan. Penyidikan dilakukan setelah Polri menemukan cukup bukti adanya dugaan tindak pidana dalam kasus gagal ginjal akut pada anak. Karenanya, Bareskrim menaikkan status dari penyelidikan ke tahap penyidikan. "
22,22.0,22.0,Pemasok Bahan Pelarut Sirup yang Diduga Sebabkan Gagal Ginjal Akut Akan Diperiksa Polri,"Kasus gagal ginjal akut terus dilidik oleh Bareskrim Polri.  Bareskrim Polri akan melakukan pemeriksaan kepada pemasok dari bahan pelarut untuk obat sirup. Perusahaan yang diperiksa itu yakni CV Samudra Chemical, hal ini dikarenakanya ditemukan puluhan drum yang berisi Etilen Glikol (EG) dan Dietilen Glikol (DEG). Selain perusahaan, pihak Bareskrim Polri akan memeriksa kepada sejumlah masyarakat di sekitat lokasi. Dan juga termasuk saksi berinidial E, yang merupakan anak dari pemilik CV Samudra Chemical. Badan Pengawas Obat dan Makanan (BPOM) kembali melaporkan dua perusahaan farmasi ke Bareskrim Polri terkait melanggar aturan memgenai kasus gagal ginjal akut pada anak. Kepala BPOM Penny K Lukito menjelaskan, dua perusahaan farmasi yang dilaporkan itu telah melanggar Cara Pembuatan Obat yang Baik (CPOB). Ada tiga perusahaan yang bergerak dibidang farmasi melanggar CPOB. Seperti PT Yarindo Farmatama, PT Universal Pharmaceutical Industries, dan PT Afi Farma. Dan kini tiga perusahaan itu sedang diproses untuk penetapan pidana karena terbukti menggunakan bahan baku senyawa kimia lebih ambang batas aman. Diketahui dalam kasus merebaknya penyakit gagal ginjal akut pada anak, Polri tengah melakukan penyidikan. Penyidikan dilakukan setelah Polri menemukan cukup bukti adanya dugaan tindak pidana dalam kasus gagal ginjal akut pada anak. Karenanya, Bareskrim menaikkan status dari penyelidikan ke tahap penyidikan. "
23,23.0,23.0,"Siap-siap, Bareskrim Polri Segera Umumkan Tersangka Kasus Gagal Ginjal Akut","Bareskrim Polri akan segera mengumumkan tersangka dalam kasus gagal ginjal akut, yang menyebabkan ratusan anak meninggal dunia. Tim penyidik gabungan Bareskrim Polri dan BPOM sudah menaikan status perkaranya ke penyidikan. Direktur Tindak Pidana Tertentu (Dirtipidter) Bareskrim Polri Brigjen Pol. Pipit Rismanto mengatakan peningkatan status kasus dari penyelidikan ke penyidikan untuk PT Afi Pharma. Perusahaan farmasi PT Afi Pharma itu diduga memproduksi sediaan farmasi jenis obat sirop mengandung Etilen Glikol (EG) melebihi ambang batas yang seharusnya 0,1 mg. Dijelaskannya, PT Afi Pharma memproduksi sediaan obat jenis sirop merk Paracetamol (obat generik) yang mengandung EG melebihi abang batas setelah dilakukan uji laboratorium oleh Badan Pengawasan Obat dan Makanan (BPOM) yaitu 236,39 mg. Penyidikan kasus gagal ginjal oleh penyidik Polri untuk produsen obat sirop PT Afi Pharma. Sedangkan dua industri farmasi lainnya yang ditemukan menggunakan bahan baku Propilen Glikol melampaui ambang batas aman ditangani oleh BPOM."
24,24.0,24.0,"Labfor Polri Turun Tangan Soal Dugaan Gagal Ginjal Akut Anak, Beberapa Pasien Diperiksa","Bareskrim Polri telah melakukan penyelidikan soal kasus gagal ginjal akut pada anak.  Saat ini Labfor Polri sudah turun tangan melakukan pemeriksaan soal gagal ginjal akut pada anak. Labfor Polri pun sedang mempelajari hasil sampel dari pasien yang kini menjalani perawatan medis di sejumlah Rumah Sakit. “Masih proses penyelidikan, antara BPOM, Kemenkes, dan penyidik masih mempelajari hasil sampel dari laboratorium di seluruh Indonesia yang ada pasien gagal ginjal,” jelasnya, Senin, 31 Oktober 2022 seperti dikutip dari fin.co.id. Menurut Dedi, sampel pasien gagal ginjal akut yang dikumpulkan oleh tim gabungan bakal dibawa ke Jakarta untuk diuji di Labfor Polri untuk menelusuri penyebab gagal ginjal yang dialami oleh pasien. Ia juga menyebutkan, pihaknya melakukan pendalaman terhadap dua perusahaan farmasi yang diperiksa terkait peredaran obat diduga mengandung etilen glikol (EG) dan dietilen glikol (DEG) melebihi ambang batas. Sampai dengan saat ini total ada tiga perusahaan farmasi yang diperiksa oleh Bareskrim Polri mengenai obat sirup yang diduga sebagai penyebab gagal ginjal akut. Saat ini memang penyidik masih terus mendalami dugaan kelalaian yang telah dilakukan perusahaan itu. Karena penyidik masih melengkapi pembuktian untuk memenuhi unsur dugaan tindak pidananya."
25,25.0,25.0,5 Hotel Terdekat Dari Pusat Kota Bandar Lampung Dengan Rating Memuaskan,"Buat kalian yang sedang berlibur ke Bandar Lampung dan bingung mencari hotel terdekat, kalian tenang saja. Ya, ada beberapa rekomendasi hotel yang bisa kalian kunjugi dan pastinya dekat dari pusat kota Bandar Lampung. Hotel Whiz Prime, Hotel Whiz Prime salah satu hotel terbaik yang dekat dengan pusat Kota Bandar Lampung yang bisa kalian coba. Hotel Horison Lampung, Hotel Horison Lampung, hotel kedua yang bisa kalian coba ketika berlibur. Memiliki letak yang berada di pusat kota Bandar Lampung menjadikan hotel horison salah satu pilihan yang tepat. Hotel Radisson Lampung. Hotel Radisson memiliki letak yang cukup strategis karena terhubung langsung dengan Mall Boemi Kedaton dan juga dekat dari Kampus, aneka tempat kuliner dan Rumah sakit Belleza. Grand Anugerah Hotel Grand Anugerah memiliki akses yang cukup dekat dengan berbagai tempat kuliner. Grand Cityhub Hotel, Hotel kelima yang berada dekat dengan pusat Kota Bandar Lampung ini bisa kalian cobaiin ya. Harganya murah dan banyak promonya. Dekat dengan Mall, akses angkutan umum dan berbagai lesehan kuliner malam."
26,26.0,26.0,"Catat, Ini 6 Hotel di Lampung yang Dekat Dengan Pantai","Rasanya sangat menyenangkan bisa menginap di hotel yang dekat dengan objek wisata apalagi sambil menikmati suasana pantai yang indah. Buat kalian yang ingin berlibur bersama orang tercinta. Kalian bisa kunjungi beberapa rekomendasi hotel yang ada di Lampung lengkap dengan wisata liburan pantai indah. Hotel Mutiara Alam Zandino Club lebih dikenal dengan Krui Surf Camp salah satu hotel di Lampung yang letaknya menghadap langsung ke pantai pesisir yang indah dan memukau. Hotel Sartika Krui. Memiliki jarak yang sangat dekat dengan berbagai wisata liburan pantai indah, menjadikan hotel sartika krui layak untuk dipilih. Hotel Sunset Beach 1. Hotel dengan pinggiran pantai yang indah. Cocok banget buat kalian yang ingin menginap sambil berlibur ke wisata pantai. Hotel Tantra Lampung Selain dekat dengan wisata liburan pantai, hotel Tantra lampung ini juga salah satu hotel berbintang 4 dengan fasilitas lengkap sangat memuaskan. Lovina Krui Surf Hotel berbintang yang ada di Lampung ini wajib banget kalian pilih ketika berlibur. Hotel lovina sangat dekat dengan wisata pantai tanjung setia yang sangat indah dan bersih. Hotel Beocean Krui Hotel Beocean Krui salah satu hotel yang paling banyak diburu wisatawan yang berkunjung ke Lampung. Buat kalian yang tidak suka berselancar. Pengunjung bisa berenang di kolam renang yang ada di Beocean Krui."
27,27.0,27.0,"5 Hotel di Lampung dengan Pelayanan Terbaik, Sangat Memuaskan dan Wajib Kalian Coba","Sangat menyenangkan rasanya saat mendapatkan pelayanan terbaik ketika menginap di hotel yang ada di Lampung. 5 hotel di Lampung dengan pelayanan terbaik sangat memuaskan yang wajib kalian coba. Novotel Lampung Novotel lampung adalah salah satu hotel ada di Bandar Lampung yang memiliki pelayanan terbaik sangat memuaskan. Amalia Hotel, Amalia Hotel Lampung selalu berkomitmen untuk memberikan kepuasan kepada para pengunjung dengan selalu memberikan pelayanan terbaik. Horison Lampung,  Hotel Horison Lampung memiliki penilaian kebersihan yang baik di mata masyarakat. Banyak para tamu yang sudah berkunjung memberikan ulasan penilaian yang sangat memuaskan. Hotel Golden Tulip Springhill, Hotel Golden Tulip Springhill yang ada di Bandar Lampung ini berhasil memberikan pelayanan terbaik kepada para pengunjungnya. Batiqa Hotel lampung,  batiqa Hotel Lampung dengan konsep bistro bernuansa hangat berhasil membius para tamu karena pelayanan terbaik yang diberikannya."
28,28.0,28.0,5 Hotel di Lampung dengan Pemandangan atau View Terbaik,"Rekomendasi 5 hotel di Lampung dengan pemandangan terindah dan sangat memukau mata yang bisa menjadi pilihan kalian yang ingin menginap di hotel. Emersia Hotel salah satu hotel di Lampung yang memiliki pemandangan terindah yang sangat memukau. Novotel Lampung, Novotel Lampung memiliki pesona pemandangan keindahan yang luar bisa. Bagi para pengunjung yang menginap di Novotel Lampung, kalian akan melihat pesona indahnya pemandangan laut biru dan pegunungan. Hotel Bukit Randu, Hotel bukit randu salah satu hotel bintang 4 di Lampung yang memiliki pemandangan terindah sangat menawan hati. Dengan ketinggian kurang lebih 200 meter di atas permukaan laut. Hotel ini memiliki pemandangan terindah dengan sudut kota 360 derajat sangat memukau.  Aston Lampung City, Aston Lampung City berlokasi di Jl. Gatot Subroto No.81, Garuntang, Teluk Betung Selatan, Bandar Lampung menyuguhkan pemandangan yang luar biasa indah. Sheraton Lampung Hotel. Pemandangan terindah yang dimiliki hotel Sheraton berasal dari nuansa hijau pepohonan kelapa yang bikin damai dan merasa tenang saat berada di sana."
29,29.0,29.0,"7 Hotel Murah di Lampung, Lengkap Dengan Fasilitas Menarik yang Bikin Nyaman","Penginapan atau hotel murah di Lampung menjadi pilihan yang tepat bagi kalian yang ingin melepas penat dan beristirahat dengan nyaman.  7 hotel murah di Lampung lengkap dengan fasilitas menarik yang bikin para pengunjung nyaman. Chandra Inn Hotel Dengan harga Rp 200 ribuan. Omah Akas Syariah dengan harga per malam penginapan ini hanya berkisar Rp 175 ribu saja. Bintang Guest House per malam hanya Rp 200 ribuan saja. Lengkap dengan fasilitas yang bisa bikin kalian nyaman. Flip Flop Hostel Lampung Mulai dari harga Rp 100 ribu per malam. Murah banget kan? . Wisma Amandari mulai dari Rp 150 an saja dengan lengkap.  G Hotel Syariah, G Hotel Syariah menawarkan Rp 199 ribu per malam. Kalian bisa merasakan senasi menginap dengan pelayanan terbaik, ramah dan menyenangkan. Hotel Andalas Permai, Hotel Andalas Permai menawarkan berbagai harga murah berkisar Rp 250 ribu per malam."
30,30.0,30.0,5 Hotel Berbintang di Bandar Lampung Tawarkan Promo Menarik Special Weekend,"Beberapa hotel berbintang di Bandar Lampung tawarkan promo menarik special weekend khusus bagi pengunjung yang ingin bersantai menikmati akhir pekan. promo menarik special weekend di 5 hotel berbintang yang ada di Bandar Lampung. Swiss Belhotel Lampung Swiss Belhotel Lampung kembali menawarkan promo spesial weeekend, yaitu promo paket kamar tipe deluxe dengan harga spesial Rp730 ribu. Sheraton Lampung, Hotel Sheraton Lampung merupakan salah satu penginapan terbaik yang ada di Kota Bandar Lampung dengan promo September harga spesial Rp700 ribu. Bukit Randu, Hotel bukit randu menawarkan potongan harga coorporate senilai Rp600-650 ribu dengan type room Superior dan Superior king. Hotel Astoria, Hotel Astoria menawarkan  tipe kamar superior senilai Rp400 ribu. Hotel Whiz Prime Lampung memberikan harga khusus untuk tipe kamar superior dengan rate Rp550 ribu."
31,31.0,31.0,UBL Riset Bersama Diskominfotiksan Pemkab Pesawaran,"Universitas Bandar Lampung (UBL) dengan Dinas Komunikasi Informatika dan Persandian Kabupaten Pesawaran (Diskominfotiksan Kab.Pesawaran), tengah melakukan riset bersama merancang bangun Platform One Centre dengan arsitektur teknologi 4.0 untuk integrasi layanan  pada ekosistem data.  Inovasi yang dihasilkan pada penelitian ini yaitu komputasi tepi dan layanan mikro terhadap data yang di tanamkan pada setiap OPD untuk meningkatkan kemampuan berbagi pakai data dan informasi pada layanan publik yang sudah menggunakan sistem elektronik di Kabupaten Pesawaran sehingga tidak perlu membeli sistem baru yang mahal dan memvisualisasikannya pada pusat komando yaitu One Centre Kabupaten Pesawaran.  Keunggulan dari inovasi ini adalah meningkatkan interoprabilitas data pada SPBE pesawaran tanpa menggangu layanan publik yang sedang berjalan serta dapat diakses dari Pusat Komando. rogram Kerjasama tersebut dilaksanakan mulai bulan Juli hingga Desember tahun 2022 di dua tempat yakni di Pusat Studi Teknologi Informasi UBL di kota Bandar Lampung dan Dinas Komunikasi Informatika dan Persandian Kabupaten Pesawaran."
32,32.0,32.0,UBL Gelar Yudisium dan Wisuda Luluskan 631 Mahasiswa,"Universitas Bandar Lampung (UBL) melepas 631wisudawan dan wisudawati yang terdiri dari 415 orang dari program Sarjana (S1) dan 216 orang dari Pascasarjana (S2), pada Yudisium dan Wisuda di Convention Hall Mahligai Agung Pascasarjana UBL, Kamis, 10 November 2022. Yudisium dan Wisuda periode ganjil tahun ajaran 2022-2023 tersebut berlangsung dengan 1 sesi. Dimulai pukul 08.00 WIB sampai 12.00 WIB. Kegiatan Yudisium dan Wisuda tersebut dihadiri secara langsung oleh Kepala Lembaga Layanan Pendidikan Tinggi Wilayah II Prof. Dr. Iskhaq Iskandar, M.Sc, Asisten Bidang Administrasi Umum Provinsi Lampung Senen Mustakim, Ketua Yayasan Administrasi Lampung, Anggota Senat, civitas akademik UBL dan Orang Tua beserta keluarga wisudawan. Rektor UBL, Prof. Dr. Ir. H. M. Yusuf S Barusman, MBA mengucapkan selamat kepada wisudawan dan wisudawati atas keberhasilan mereka dalam menyelesaikan studi di UBL sehingga meraih gelar Sarjana dan Magister."
33,33.0,33.0,"Melalui Matching Fund, UBL Riset Bersama PT Angkasa Wiratama","Universitas Bandar Lampung (UBL) dengan PT Angkasa Wiratama Indonesia melakukan riset bersama merancang perangkat Analisa dan Monitoring Skateboard berbasis Internet of Things. Program Kerjasama tersebut dilaksanakan mulai Juli hingga Desember tahun 2022 mendatang di dua tempat yakni di Laboratorium Mekatronika UBL di Kota Bandar Lampung dan Pusat Riset PT.Angkasa Wiratama Indonesia, Kota Tanggerang. PT.Angkasa Wiratama Indonesia merupakan  sebuah perusahaan di Kota Tangerang yang berfokus di bidang produksi skateboard dan perlengkapannya serta riset & pengembangan skateboard meliputi material dan integrasi dengan teknologi terkini. Kegiatan riset Bersama ini difasilitasi oleh hibah pendanaan Matching Fund Kedaireka tahun 2022 dimana Kegiatan Penelitian ini diikuti oleh 3 orang dosen dan 10 orang mahasiswa yang mengikuti kegiatan Program MBKM (Merdeka Belajar Kampus Merdeka). "
34,34.0,34.0,"Melalui Program Matching Fund, UBL Riset Bersama GMF Aero Asia ","Universitas Bandar Lampung menjalin kerjasama dengan PT Garuda Maintenance Facility (GMF) Aero Asia dalam merancang Robot Berpemandu Otomatis (Automatic Guided Vehicle/AGV) untuk Perawatan Pesawat Terbang. PT. GMF Aero Asia merupakan anak usaha Garuda Indonesia, yang memiliki bisnis jasa perawatan, perbaikan, dan pemeriksaan pesawat terbang mengadakan riset bersama dalam pembuatan Robot Berpemandu Otomatis (Automatic Guided Vehicle/AGV).  Kegiatan riset bersama tersebut merancang bangun AGV tersebut sedang dilaksanakan di Laboratorium Mekatronika UBL di Kota Bandar Lampung dan Pusat Perawatan Pesawat Terbang Pusat Perawatan Pesawat Terbang PT GMF Aero Asia di area Bandara Internasional Sukarno-Hatta, Kota Tangerang. "
35,35.0,35.0,UBL Riset Bersama PRTRRB - BRIN Rancang Bangun Mesin Pengemasan Otomatis Obat Radiofarmaka,"Universitas Bandar Lampung (UBL) dan Pusat Riset Teknologi Radioisotop, Radiofarmaka dan Biodosimetri (PRTRRB), Badan Riset dan Inovasi Nasional (BRIN) mengadakan riset Bersama tentang Rancang Bangun Mesin Pengemasan Otomatis Obat Radiofarmaka 153Sm-EDTMP untuk Terapi Paliatif Kanker pada Tulang.  Riset bersama tersebut telah dilaksanakan di Laboratorium Mekatronika Universitas Bandar Lampung di Kota Bandar Lampung dan Laboratorium Teknologi Radioisotop, Radiofarmaka dan Biodosimetri BRIN di Serpong, Tangerang Selatan. Kegiatan riset Bersama ini difasilitasi oleh hibah pendanaan Matching Fund Kedaireka tahun 2022. Menurut Kepala Pusat Riset Teknologi Radioisotop, Radiofarmaka dan Biodosimetri (PRTRRB), Badan Riset dan Inovasi Nasional (BRIN) Tita Puspitasari, BRIN menyambut baik Kerjasama dengan Universitas Bandar Lampung (UBL), dan diharapkan agar hasil riset ini dapat bermanfaat untuk meningkatkan produksi Samarium-153-EDTMP.  "
36,36.0,36.0,UBL Kembali Raih Penghargaan Universitas Terbaik se-Sumbagsel,"Universitas Bandar Lampung (UBL) kembali dinobatkan sebagai Universitas Swasta Terbaik Peringkat I se-Sumatera Bagian Selatan (Sumbagsel). Penobatan tersebut dilakukan melalui Penilaian Aspek Kelembagaan, Sistim Informasi dan Kerjasama tahun 2022 Kemendikbud di lingkungan Lembaga Layanan Pendidikan Tinggi (LLDikti) wilayah II. Penghargaan tersebut diserahkan langsung Kepala LLDikti Wilayah II Prof. Dr. Iskhaq Iskandar M.Sc kepada Direktur Pascasarjana UBL, Dr. Andala Rama Putra Barusman, M.A. Ec. Penyerahan penghargaan dilakukan pada Rapat Kerja Pimpinan Perguruan Tinggi Swasta di lingkungan LLDikti wilayah II yang berlangsung di Hotel Novotel Pangkalpinang, Bangka Belitung, Sabtu 3 September 2022."
37,37.0,37.0,Hyundai STARGAZER Resmi Hadir di Lampung,"Hyundai STARGAZER kini resmi hadir di Lampung. Produk terbaru Hyundai tersebut dipamerkan di PT Shinari Putra Kencana selaku dealer resmi mobil Hyundai di Lampung. Produk ini sebelumnya juga telah resmi diluncurkan oleh PT Hyundai Motors Indonesia (HMID) di hari pertama perhelatan GAIKINDO Indonesia International Auto Show (GIIAS) 2022. Hyundai STARGAZER diketahui, menjadi kendaraan keempat yang diproduksi secara lokal di Pabrik Hyundai Motor di Deltamas, Cikarang, Jawa Barat. MPV ini diharapkan menjadi tolak ukur baru di kelasnya berkat tampilan yang memikat dan interior yang lapang sesuai dengan kebutuhan masyarakat. "
38,38.0,38.0,"Test Drive Hyundai Stargazer, Intip Kenyamanan dan Fitur Canggihnya!","PT Hyundai Motors Indonesia (HMID) menghadirkan Hyundai Stargazer digadang-gadang sebagai bintang baru keluarga Indonesia. Kali ini jurnalis Radar Lampung dan beberapa jurnalis Lampung diberi kesempatan untuk test drive Hyundai Stargazer tipe Prime warna merah mengelilingi Kota Bandar Lampung. dengan perjalanan ini, Stargazer mampu menjadi pilihan kendaraan yang merasakan langsung keunggulan Stargazer dari segi performa, akselerasi dan kenyamanan berkendara. Mobil Stargazer yang terlihat stylish dan sporty. Terutama pada bagian lampu depan dengan Horizontal DRL yang membuat mobil itu terlihat gagah.
"
39,39.0,39.0,Hyundai Beri Kesempatan Dapat Tiket Piala Dunia 2022,"Hyundai beri kesempatan konsumen untuk mendapatkan tiket Final Piala Dunia Qatar 2022. Untuk mendapatkan kesempatan ini, konsumen hanya perlu melakukan pemesanan unit Hyundai Stargazer yang baru saja diluncurkan pada Agustus 2022. Nantinya, konsumen yang melakukan pemesanan unit Hyundai Stargazer akan mendapatkan kesempatan untuk mengikuti undian berhadiah tiket Final Piala Dunia Qatar 2022. Tiket tersebut akan diberikan kepada tiga pemenang yang beruntung, masing-masing pemenang akan mendapatkan dua tiket.  Diketahui Hyundai Stargazer dihadirkan dalam empat varian, yaitu Active, Trend, Style dan Prime, kendaraan ini dibanderol dengan OTR mulai dari Rp250 juta untuk tipe terendah dan Rp315 juta untuk tipe tertinggi. Pada produk terbarunya ini, selain kembali menghadirkan fitur Bluelink, Hyundai juga menyematkan beragam fitur unggulan pada Hyundai Stargazer. "
40,40.0,40.0,"Intip Yuk, 43 Unit Hyundai Ramaikan GIIAS 2022","Sebanyak 43 unit produknya akan di usung oleh Hyundai Motors Indonesia di ajang GAIKINDO Indonesia International Auto Show (GIIAS) 2022. Dari 43 unit kendaraan ini terdiri dari semua line up produk Hyundai, mulai dari Stargazer, Creta, Ioniq 5, New Palisade, Santa Fee dan Staria. Tak hanya menghadirkan line up produknya, dalam ajang GIIAS kali ini Hyundai juga akan berbagai program kepemilikan serta hasil kerja sama Hyundai dalam mendukung kegiatan ramah lingkungan. WooJune Cha selaku Presiden Direktur PT Hyundai Motors Indonesia mengatakan, Hyundai tak hanya perusahaan di bidang otomotif, namun juga menjadi penyedia mobilitas yang memberikan pengalaman bermakna bagi masyarakat luas. Hyundai tidak pernah berhenti untuk menciptakan inovasi dan berkolaborasi untuk masa depan. Selain menghadirkan semua line up Hyundai, kami juga akan menampilkan berbagai produk, layanan hingga area interaktif yang berorientasi pada masa depan."
41,41.0,41.0,"Jajal Mobil Listrik Hyundai, Bupati Tanggamus : Solusi Mengurangi konsumsi BBM","Pemakaian mobil listrik akan menjadi salah satu solusi untuk mengurangi penggunaan Bahan Bakar Minyak (BBM). Hal ini disampaikan Bupati Tanggamus Dewi Handayani saat mencoba  secara langsung mobil listrik produk hyundai rabu (22/6). Pada kesempatan itu Dewi Handayani mengendarai dan menyetir secara langsung mobil listrik tersebut didampingi pihak Hyundai dan sejumlah pejabat. Bupati mengendarai mobil listrik dengan berputar mengelilingi jalan komplek perkantoran pemkab setempat.  Usai mengendarai mobil dalam testimoninya Bupati mengatakan “mengendarai mobil listrik terasa tidak berat, pengoprasionalannya mudah karenanya ini merupakan salah satu solusi untuk mengurangi penggunaan BBM, serta dapat menjaga lingkungan kita bisa lebih sehat karena tidak ada polusi udara,” ungkap Dewi Handayani."
42,42.0,42.0,"Besok PSSI dan PT LIB Dipanggil TGIPF Tragedi Kanjuruhan, Berikut Ini Bocoran yang Bakal Diklarifikasi","PT Suzuki Indomobil Sales (SIS) bersama PT Persada Lampung Raya (PLR) sukses meluncurkan All New Ertiga Hybrid di Kota Lampung, Sabtu (18/6). Stephanie Azis selaku General Manager PT Persada Lampung Raya mengatakan, peluncuran regional di Bandar Lampung menjadi momen yang istimewa. ""All New Ertiga Hybrid merupakan LMPV Favorit masyarakat Lampung. Sehingga, kehadirannya sangat dinantikan,"" katanya. mobil Suzuki All New Ertiga Hybrid akan menjadi primadona yang sesuai dengan kebutuhan masyarakat Lampung."
43,43.0,43.0,"Pasca Kerusuhan Kanjuruhan, Polri Susun Aturan Pengamanan Sepakbola","Pasca Kerusuhan yang terjadi di Kanjuruhan antara Arema FC vs Persebaya, Polri menyusun pengamanan pertandingan sepakbola. akibat dari kerusuhan tersebut, setidaknya, ada 132 orang meninggal dunia. Hal ini yang membuat polri akan memperbaharui regulasi pengamanan sepakbola. Wakil Komandan Korps Brimob (Wadankorbrimob) Polri, Irjen Pol Setyo Boedi Moempoeni Harso mengaku akan menyusun Peraturan Kapolri (Perkap) sebagai dasar dalam melakukan tugas pengamanan pertandingan sepakbola di Indonesia. Aturan itu, dibuat sebagai bentuk evaluasi atas terjadinya tragedi di Kanjuruhan, Kabupaten Malang, Jawa Timur, beberapa waktu lalu."
44,44.0,44.0,"Ingin Keadilan, Tersangka Insiden Kanjuruhan Bantah Kunci Pintu Stadion dan Desak Polisi Buka CCTV","Security officer Stadion Kanjuruhan Malang, Jawa Timur, Suko Sutrisno, mengaku tak pernah memerintahkan untuk menutup pintu di stadion saat kerusuhan Kanjuruhan pada 1 Oktober 2022. Suko Sutrisno yang kini ditetapkan menjadi tersangka bersama dengan 5 orang lainnya, mendesak agar polisi membongkar rekaman CCTV untuk membuktikan hal tersebut. Penetapan Suko Sutrisno sebagai tersangka diungkapkan langsung oleh Kapolri Jenderal Listyo Sigit Prabowo. Penetapan security officer Stadion Kanjuruhan Malang ini sebagai tersangka ini juga diduga tak lepas dari perintahnya kepada steward pertandingan Arema FC vs Persebaya untuk meninggalkan gerbang yang mereka jaga. Padahal, steward pertandingan harusnya ada di posisinya masing-masing agar bisa membukakan pintu keluar Stadion Kanjuruhan secara maksimal."
45,45.0,45.0,Lima Tersangka Tragedi Stadion Kanjuruhan Kembali Diperiksa Hari Ini di Polda Jatim,"Polri akan kembali melakukan pemeriksaan kepada lima dari enam orang tersangka tragedi Stadion Kanjuruhan. Pemeriksaan lima orang tersangka itu akan dilakukan di Mapolda Jawa Timur, pada Selasa 11 Oktober 2022. Kepala Divisi Humas Polri Irjen Pol Dedi Prasetyo mengatakan, bahwa penyidik kini telah melayangkan surat panggilan kepada ke enam tersangka. Tetapi yang bisa menjalani pemeriksaan hanya lima orang tersangka saja. Setelah ditetapkan sebagai tersangka, keenamnya langsung menjalani pemeriksaan. Hari ini penyidik melakukan pemeriksaan lanjutan dalam rangka menuntaskan perkara tersebut dan mendalami peran-peran tersangka."
46,46.0,46.0,"Besok PSSI dan PT LIB Dipanggil TGIPF Tragedi Kanjuruhan, Berikut Ini Bocoran yang Bakal Diklarifikasi","Guna kepentingan klarifikasi, PSSI dan PT LIB bakal diperiksa Tim Gabungan Independen Pencari Fakta (TGIPF) Tragedi Kanjuruhan. Pemanggilan terhadap PSSI dan PT LIB akan dilakukan pada Selasa 11 Oktober 2022 besok. PSSI akan kita panggil besok, sejumlah pihak yang terkait dengan ini semua, kita akan klarifikasi,"" sebut anggota TGIPF Tragedi Kanjuruhan Rhenald Kasali di Jakarta, Senin 10 Oktober 2022. Tak hanya PSSI, menurut Rhenald, TGIPF pun akan memanggil PT Liga Indonesia (LIB). Bahkan, pihak lain pun bakal diperiksa, khususnya yang mengatur pertandingan Arema FC vs Persebaya yang digelar pada malam hari."
47,47.0,47.0,"6 Orang Ditetapkan Tersangka Tragedi Kanjuruhan, Berikut Peran Masing-masing Mereka","6 orang tersangka telah ditetapkan sebagai tersangka dalam tragedi di Stadion Kanjuruhan, Malang, Jawa Timur, pada Sabtu pekan lalu, yang menewaskan 131 orang supporter. 6 orang yang telah ditetapkan tersangka itu diantaranya tiga orang warga sipil dan tiga lainnya dari unsur pihak kepolisian. 3 orang warga sipil yang ditetapkan tersangka itu yakni Direktur Utama LIB Ahmad Hadian Lukita, Ketua Panitia Pelaksana Arema Malang Abdul Haris, dan Security Officer Steward Suko Sutrisno. Sedangkan 3 tersangka lainnya dari kepolisian, yaitu Kabag Ops Polres Malang Kompol Wahyu Setyo Pranoto, Kasat Samapta Polres Malang AKP Bambang Sidik Achmadi, dan Komandan Kompi (Danki) Brimob Polda Jatim inisial AKP Hasdarman.
"
48,48.0,48.0,"Tragedi Kanjuruhan, Polisi Cari Penjual Dawet Viral","Tim investigasi Polri tengah mengusut beredarnya rekaman suara terkait tragedi Kanjuruhan dari seorang perempuan yang mengaku penjual dawet. Dalam rekaman tersebut, seorang perempuan menceritakan peristiwa yang terjadi di sekitar Stadion Kanjuruhan, Malang, Jawa Timur pada 1 Oktober 2022 lalu. Irjen Dedi Prasetyo menuturkan, tim mengusut hal tersebut dengan memeriksa rekaman CCTV yang berada di pintu 3 Stadion Kanjuruhan. Lokasi yang disebut penjual dawet. Pada bagian lain, berdasar data hingga pukul 09.00 WIB, Sabtu 8 Oktober 2022, tercatat 705 orang yang menjadi korban dalam tragedi Kanjuruhan. Irjen Dedi Prasetyo mengatakan, ada penambahan 27 orang korban luka. Sementara korban meninggal dunia masih 131 orang.
"
49,49.0,49.0,"Pemerintah Rencanakan Penghentian Siaran TV Analog Per Hari Ini, Masyarakat Diharap Bersiap","Per hari ini, 2 November 2022, Pemerintah Pusat bersama dengan Kementerian Komunikasi dan Informasi (Kominfo) berencana mengentikan siaran TV analog untuk beralih ke siaran digital. Karenanya, Pemerintah Provinsi Lampung meminta masyarakat untuk bersiap. Kepala Dinas Komunikasi, Informasi dan Statistik (Diskominfotik) Provinsi Lampung, Ganjar Jationo menyebut sampai saat ini Provinsi Lampung masih menunggu penerapan peralihan siaran tv Analog ke siaran tv digital. Pembagiannya juga langsung dikirimkan ke rumah keluarga miskin masing-masing dengan syarat yakni masuk data DTKS, memiliki televisi dan masuk dalam wilayah yang telah beralih ke layanan siaran tv digital. Karena itu, Ganjar menyebut jika memang per 2 November siaran tv Analog itu sudah tidak bisa diakses. Masyarakat bisa langsung mencoba membeli STB."
50,50.0,50.0,"Modal Uang Rp 50 Ribu, Ternyata Sudah Bisa Nonton Saluran TV Digital Bareng Keluarga, Simak Caranya","Seorang teknisi elektronik membagikan pengalamannya bahwa ia dapat menonton saluran TV digital di rumah dengan modal hanya 50 ribu.  Ya, seorang teknisi bernama Marta An melalui saluran YouTube-nya mengatakan tidak perlu repot membeli Set Top Box (STB) mahal untuk menonton siaran TV digital.  Di Indonesia, transmisi televisi analog telah dihapus, sehingga pemerintah mendistribusikan STB kepada masyarakat yang kurang mampu.  Namun bagi yang belum kebagian perangkat STB sederhana di rumah.
Langkah pertama adalah membeli modul STB yang dijual di toko elektronik atau toko online.  Harga modul STB dijual Rp50 ribu, cukup terjangkau karena hanya modul.  Selanjutnya dibuat lembaran triplek seukuran modul STB kemudian dilem sehingga modul STB dapat direkatkan.  Satu unit modul STB sederhana yang dibeli seharga Rp50 ribu kemudian disambungkan ke TV biasa atau TV Tabung menggunakan kabel RCA.  Kemudian gunakan antena sebelumnya untuk menghubungkan ke modul STB untuk menangkap siaran TV digital. 
"
51,51.0,51.0,"Ini Jadwal Penghentian Siaran TV Analog ASO Di Seluruh Indonesia, dan Cara Penggunaan TV Digital Pakai STB","Inilah jadwal penghentian TV analog di seluruh Indonesia secara bertahap dan cara menggunakan TV Digital memakai STB. Kominfo telah memberlakukan penghentian TV analog sejak 5 Oktober 2022 disebagian wilayah Jakarta, Bogor, Depok, Tangerang, dan Bekasi (Jabodetabek). Kemudian, penghentian siaran TV analog di seluruh dunia dijadwalkan akan dilakukan secara bertahap sejak tanggal 2 November 2022. Sesuai Undang-Undang No. 11 Tahun 2022 tentang Cipta Kerja dengan penghentian siaran televisi analog  atau yang dikenal dengan Analog Switch Off (ASO). Yang pertama wilayah tersebut terdapat siaran TV analog yang akan diberhentikan siarannya. Kedua yaitu siaran TV digital yang beroperasi pada cakupan TV analog sebagai pengganti.  Dan yang terakhir yaitu sudah diberlakukan pembagian bantuan Set Top Box (STB) bagi sebagian rumah yang tidak mampu di wilayah tersebut.
"
52,52.0,52.0,10 Merk Set Top Box Terbaik Untuk Tv Digital Resmi Bersertifikat Kominfo,"Apakah kamu sedang mencari informasi tentang Set Top Box (STB) yang rekomendasi untuk pakai di rumah? Yuk cek di sini untuk mengetahui informasi terkait Set Top Box (STB) yang berkualitas dan bisa buat nyaman untuk menonton Tv. Untuk diketahui, Set Top Box berfungsi menangkap sinyal siaran Tv digital. Set Top Box harus dipasang pada Tv yang belum mendukung standar siaran digital, baik Tv tabung maupun layar datar. 10 Merk Set Top Box (STB) yang bersertifikat dari Kominfo: 1. Nexmedia (NA1300/DVB-T2 MPEG4 HD), 2. Polytron (PDV 600T2), 3. Ichiko (800HD), 4. Akari (ADS-2230, ADS-168 DAN ADS-210), 5. Venus (Brio), 6. Tanaka (T2), 7. Matrix (Apple), 8. Evercross (STBI), 9. Nextron (NT2000-D DAN TR 1000), 10. Evinix H1"
53,53.0,53.0,WhatsApp ke Nomor Ini Biar Kamu Bisa Dapat Set Top Box Gratis,"Bagi Anda yang merasa masuk ke dalam golongan masyarakat tak mampu, pemerintah diketahui telah membuat program untuk membagikan bantuan Set Top Box secara gratis melalui Kementerian Kominfo. Seperti yang kini diketahui masyarakat, peralihan siaran TV Analog ke siaran Tv Digital merupakan amanat dari Undang-Undang Cipta Kerja. Hal ini terdapat pada UU Cipta Kerja Pasal 72 Nomor 8 yang menyebutkan batas akhir penghentian siaran televisi analog atau analog switch (ASO) paling lambat dua tahun sejak diundangkan. Untuk mendapatkan bantuan berupa Set Top Box secara gratis, Anda bisa mengajukan diri dengan menghubungi posko yang didirikan oleh Kementerian Kominfo. Anda bisa mendatangi posko respon cepat penanganan bantuan Set Top Box dengan membawa KTP (Kartu Tanda Penduduk) dan KK (Kartu Keluarga) yang asli. Dihimpun Radarlampung.co.id dari laman publikasi Kementerian Komunikasi dan Informasi pada Rabu, 9 November 2022, Anda bisa menghubungi nomor telepon 159 atau chat bot WhatsApp ke nomor 08118202208, untuk mengajukan diri sebagai penerima bantuan Set Top Box gratis."
54,54.0,54.0,"Ibu Ini Curhat soal TV Analog Disuntik Mati, Anak Nangis Tak Bisa Nonton Karena Tidak Mampu Beli Set Top Box","Tengah ramai diperbincangkan di jagat maya, sebuah video curhatan seorang ibu yang melihat anaknya menangis karena dirinya tidak mampu membeli set top box. Dilansir dalam video yang beredar tersebut, sang ibu curhat lantaran anaknya menangis karena tak bisa menonton televisi lagi. Ya, beberapa waktu lalu, Kominfo menyebutkan bahwa pemerintah akan menghentikan siaran TV analog dan menggantinya ke TV Digital. Sesuai dengan Undang-undang No.11/2020 tentang Cipta Kerja, pemerintah mulai mengalihkan siaran televisi di wilayah NKRI. Pengalihan siaran televisi di wilayan NKRI dari sistem analog ke sistem digital dimulai sejak 2 November 2022. Di mana program ini disebut sebagai analog switch off (ASO).
"
55,55.0,55.0,Oknum Jaksa di Lampung Utara Tersangka Kepemilikan 200 Butir Pil Alfarozolam,"Oknum Jaksa yang menjalani pemeriksaan di Sat Narkoba Polres Lampung Utara (Lampura), atas kepemilikan 200 butir pil psikotropika golongan 4 sebanyak 200 butir merek Alfarozolam, akhirnya Polres setempat buka suara. Oknum berinisial CR saat sudah ditetapkan tersangka atas kepemilikan barang terlarang tersebut. Menurutnya, satnarkoba sudah menjalani serangkaian pemeriksaan terhadap CR atas kepemilikan 200 butir psikotropika golongan 4. Bahkan, dirinya menyita barang bukti itu, guna dilakukan pendalaman lebih lanjut. Sementara, kata dia, untuk tersangka sendiri pihaknya tidak dilakukan penahanan. Hal itu, dikarenakan bersangkutan koperatif dan dalam pengobatan. Saat ini Pihak sat-narkoba polres Lampura melakukan pemanggilan terhadap pemesan tidak lain adalah sang oknum Jaksa di Kejari Kotabumi. (*)"
56,56.0,56.0,"Polisi Gagalkan Upaya Penyeludupan Psikotropika di Rutan, Begini Modusnya","Upaya penyeludupan psikotropika atau obat-obatan terlarang oleh salah satu narapidana (napi) di Rutan Kelas II B Menggala berhasil digagalkan Satuan Reserse Narkoba (Satresnarkoba) Polres Tulang Bawang. Kasatres Narkoba Polres Tulang Bawang AKP Aris Satrio Sujatmiko mengatakan, peristiwa tersebut bermula saat NL tiba-tiba mendapatkan paket yang diantar langsung oleh seorang kurir jasa pengiriman ke rumahnya. Pelaku adalah Anthony Inka Fedora (26), warga Desa Kurungan Nyawa, Kecamataan Gedong Tataan, Kabupaten Pesawaran. Ia merupakan narapidana kasus narkotika. Dalam kasus ini, polisi menyita barang bukti (BB) 10 butir pil Alprazolam, 20 butir pil Riklona 2 Clonazepam, satu butir pil Calmlet Alprazolam dan dua unit handphone (HP) yakni android merek Oppo warna putih serta Iphone 13. Petugas mendapat informasi jika ada transaksi narkotika jenis sabu di sebuah rumah yang ada di Umbul Kemiling. Petugas lalu melakukan penggerebekan dan berhasil menangkap pelaku."
57,57.0,57.0,"Soal 4 Pelaku Penyalahgunaan Narkoba yang Dibebaskan Polresta, BNNP Lampung Belum Terima Surat Asesmen","Badan Narkotika Nasional Provinsi (BNNP) Lampung sampai saat ini belum menerima surat rekomendasi Asesmen dari Satresnarkoba Bandar Lampung terhadap inisial DS, HN, FH, dan RK.  bila pelaku dugaan penyalahgunaan narkotika jenis sabu-sabu dan hanya barang bukti dibawah 1 gram atau hanya urine saja positif itu tidak dipidana setelah melakukan Tim Asesmen Terpadu (TAT) Hukum dan TAT Medis hanya dilakukan rehab dimana rehab bisa rawat jalan  Polresta Bandar Lampung telah mengamankan ke empat orang penyalahguna narkotika yang terjadi tanggal 25 oktober 2022. Selanjutnya untuk ke empat orang tersebut diserahkan agar dilakukan rehabilitasi di panti (IPWL) tersebut."
58,58.0,58.0,"Musnahkan Barang Bukti Narkoba Ratusan Kilogram dan Ribuan Pil Terlarang, Begini Atensi Polda Lampung","Polda Lampung dan jajaran menggelar konferensi pers pengungkapan dan pemusnahan barang bukti (BB) di RS Imanuel Bandar Lampung. BB yang dimusnahkan sabu-sabu (SS) sebanyak 172.563,74 gram (172,5 kg), ganja 310.643,52 gram (310, 6 kg), ekstasi 43.381 butir, dan Happy Five 4.998 butir. Estimasi nilai ekonomis dari BB Rp272.728.767.000. ""Asumsi 1 kg ganja senilai Rp2.000.000; 1 kg SS senilai Rp1.500.000.000; 1 butir ekstasi senilai Rp300.000; dan 1 butir Happy Five senilai Rp50.000. Kita selamatkan 1.049.274 jiwa dengan asumsi 1 gram ganja dikonsumsi 1 orang, 1 gram SS 4 orang, 1 butir ekstasi 1 orang, dan 1 butir Happy Five 1 orang,"" BB ini akan dimusnahkan menggunakan mesin incinerator RS Imanuel Bandarlampung. '' pemusnahan BB narkoba ini tujuannya memberikan penguatan kepada anggota. """
59,59.0,59.0,"Heboh Video Penangkapan Pengedar Sabu, Polisi Dihalangi, Dilempar Batu, Sampai Keluarkan Tembakan Peringatan","Peristiwa penangkapan pelaku peredaran gelap narkotika jenis sabu di Kecamatan Menggala, Tulang Bawang heboh. Pasalnya, saat penangkapan petugas Satuan Reserse Narkoba (Satresnarkoba) Polres Tulang Bawang sempat dihalang-halangi hingga dilempari batu. Terlihat petugas sempat mengeluarkan tembakan peringatan ke udara. Dalam kasus ini polisi menangkap satu orang pelaku Heri Ismail (51) warga Kampung Bujung Tenuk, Kecamatan Menggala. Petugas kemudian melakukan penggerebekan. Di lokasi tersebut petugas berhasil menangkap satu orang laki-laki yang diduga melakukan tindak pidana narkotika. Saat ini pelaku telah ditahan di Mapolres Tulang Bawang dan akan dikenakan Pasal 114 ayat 2 Undang-Undang Republik Indonesia Nomor 35 Tahun 2009 tentang Narkotika."
60,60.0,60.0,"Warga Pringsewu Ditangkap, BB Sabu dan Bong","Anggota Satresnarkoba Polres Pringsewu mengamankan AW (30), warga Gadingrejo, yang diduga terlibat penyalahgunaan narkoba. Sementara dua rekannya kabur.  Dalam penggerebekan yang berlangsung di Kecamatan Gadingrejo, Sabtu, 29 Oktober 2022, polisi menyita barang bukti sabu sisa pakai seberat 0,25 gram dan bong. Sementara dua pelaku, salah satunya pemilik rumah berhasil melarikan diri. ""Dua pelaku yang kabur ini masih terus kami kejar,"" tegasnya. Dari informasi masyarakat dan hasil penyelidikan, anggota Satresnarkoba mengamankan AM di wilayah Desa Muara Jaya Kecamatan Sukadana, Rabu 2 Oktober 2022. Polisi juga menyita barang bukti satu plastik klip bening yang didalamnya berisi kristal putih diduga narkotika golongan 1 jenis sabu-sabu. Dalam penggerebekan tersebut, polisi menyita barang bukti satu plastik klip bening yang didalamnya berisi kristal putih diduga keras narkotika golongan 1 jenis sabu-sabu. (*) "
61,,,,
